{"\u0421\u0430\u043d\u0443\u0437\u0435\u043b_target_mean": {"1 \u0441\u043e\u0432\u043c\u0435\u0449\u0435\u043d\u043d\u044b\u0439": 2965321.1678832117, "1 \u0440\u0430\u0437\u0434\u0435\u043b\u044c\u043d\u044b\u0439": 3868844.985, "\u041d\u0435 \u0443\u043a\u0430\u0437\u0430\u043d\u043e": 3342870.588235294, "3 \u0441\u043e\u0432\u043c\u0435\u0449\u0435\u043d\u043d\u044b\u0445": 3950000.0}, "\u0412\u0438\u0434 \u0438\u0437 \u043e\u043a\u043e\u043d_target_mean": {"\u041d\u0435 \u0443\u043a\u0430\u0437\u0430\u043d\u043e": 3246009.0322580645, "\u0412\u043e \u0434\u0432\u043e\u0440": 2919014.895522388, "\u041d\u0430 \u0443\u043b\u0438\u0446\u0443 \u0438 \u0434\u0432\u043e\u0440": 4304095.228571429, "\u041d\u0430 \u0443\u043b\u0438\u0446\u0443": 3287403.2258064514}, "\u0420\u0435\u043c\u043e\u043d\u0442_target_mean": {"\u041d\u0435 \u0443\u043a\u0430\u0437\u0430\u043d\u043e": 3023927.777777778, "\u041a\u043e\u0441\u043c\u0435\u0442\u0438\u0447\u0435\u0441\u043a\u0438\u0439": 3391499.9886363638, "\u0415\u0432\u0440\u043e\u0440\u0435\u043c\u043e\u043d\u0442": 4548641.509433962, "\u0411\u0435\u0437 \u0440\u0435\u043c\u043e\u043d\u0442\u0430": 2798718.75, "\u0414\u0438\u0437\u0430\u0439\u043d\u0435\u0440\u0441\u043a\u0438\u0439": 4900000.0}, "\u0421\u0442\u0440\u043e\u0438\u0442\u0435\u043b\u044c\u043d\u0430\u044f \u0441\u0435\u0440\u0438\u044f_target_mean": {"111-86": 3082530.9734513275, "1-464": 3617072.727272727, "\u041d\u0435 \u0443\u043a\u0430\u0437\u0430\u043d\u043e": 3458365.7047619047, "\u0418\u043d\u0434\u0438\u0432\u0438\u0434\u0443\u0430\u043b\u044c\u043d\u044b\u0439 \u043f\u0440\u043e\u0435\u043a\u0442": 2961683.3333333335, "111-97": 4742909.054545455, "1-464\u0410": 5500000.0}, "\u0422\u0438\u043f \u0434\u043e\u043c\u0430_target_mean": {"\u041a\u0438\u0440\u043f\u0438\u0447\u043d\u044b\u0439": 2951730.2325581396, "\u041f\u0430\u043d\u0435\u043b\u044c\u043d\u044b\u0439": 4233350.3503649635, "\u041d\u0435 \u0443\u043a\u0430\u0437\u0430\u043d\u043e": 3538284.8181818184, "\u041c\u043e\u043d\u043e\u043b\u0438\u0442\u043d\u044b\u0439": 6233333.333333333, "\u0411\u043b\u043e\u0447\u043d\u044b\u0439": 4400000.0}, "\u0422\u0438\u043f \u043f\u0435\u0440\u0435\u043a\u0440\u044b\u0442\u0438\u0439_target_mean": {"\u0416\u0435\u043b\u0435\u0437\u043e\u0431\u0435\u0442\u043e\u043d\u043d\u044b\u0435": 3470396.963636364, "\u0414\u0435\u0440\u0435\u0432\u044f\u043d\u043d\u044b\u0435": 2992222.222222222, "\u041d\u0435 \u0443\u043a\u0430\u0437\u0430\u043d\u043e": 3915012.870967742, "\u041d\u0435\u0442 \u0438\u043d\u0444\u043e\u0440\u043c\u0430\u0446\u0438\u0438": 3399800.0}, "\u0411\u0430\u043b\u043a\u043e\u043d/\u043b\u043e\u0434\u0436\u0438\u044f_target_mean": {"\u041d\u0435 \u0443\u043a\u0430\u0437\u0430\u043d\u043e": 2879369.0975609757, "1 \u0431\u0430\u043b\u043a\u043e\u043d": 3549834.8125, "1 \u043b\u043e\u0434\u0436\u0438\u044f": 4406428.571428572, "2 \u0431\u0430\u043b\u043a\u043e\u043d\u0430": 5057000.0, "3 \u0431\u0430\u043b\u043a\u043e\u043d\u0430": 5150000.0, "1 \u043b\u043e\u0434\u0436\u0438\u044f, 1 \u0431\u0430\u043b\u043a\u043e\u043d": 4449750.0, "2 \u043b\u043e\u0434\u0436\u0438\u0438": 7100000.0}, "\u0420\u0430\u0439\u043e\u043d_target_mean": {"\u0440-\u043d \u0426\u0435\u043d\u0442\u0440\u0430\u043b\u044c\u043d\u044b\u0439": 2563367.6767676766, "\u0440-\u043d \u0420\u0443\u0434\u043d\u0438\u0447\u043d\u044b\u0439": 3876601.492481203, "\u0440-\u043d \u0417\u0435\u043d\u043a\u043e\u0432\u0441\u043a\u0438\u0439": 2830652.1739130435, "\u041d\u0435 \u0443\u043a\u0430\u0437\u0430\u043d\u043e": 4400000.0}}